,Cell Line,OncotreeCode,OncotreeSubtype,OncotreePrimaryDisease,OncotreeLineage,BRAF_mut,NRAS_mut,PrimaryorMetastasis
39,A2058,MEL,Melanoma,Melanoma,Skin,p.V600E,,Metastatic
36,A375,MEL,Melanoma,Melanoma,Skin,p.V600E,,Primary
5,COLO679,SKCM,Cutaneous Melanoma,Melanoma,Skin,p.V600E,,Metastatic
40,COLO792,MEL,Melanoma,Melanoma,Skin,p.V600E,,Metastatic
33,COLO800,SKCM,Cutaneous Melanoma,Melanoma,Skin,p.V600E,,Metastatic
20,HMY1,MEL,Melanoma,Melanoma,Skin,p.V600E,,Metastatic
11,HS294T,MEL,Melanoma,Melanoma,Skin,p.V600E,,Metastatic
9,HS695T,MEL,Melanoma,Melanoma,Skin,p.V600E,,Metastatic
34,HS936T,MEL,Melanoma,Melanoma,Skin,p.N581K,p.Q61K,Primary
3,HS944T,SKCM,Cutaneous Melanoma,Melanoma,Skin,,p.Q61K,Metastatic
2,HT144,MEL,Melanoma,Melanoma,Skin,p.V600E,,Metastatic
18,IGR1,MEL,Melanoma,Melanoma,Skin,p.V600K,,Metastatic
1,IGR39,MEL,Melanoma,Melanoma,Skin,p.V600E,,Primary
28,IPC298,SKCM,Cutaneous Melanoma,Melanoma,Skin,,p.Q61L,Primary
17,K029AX,SKCM,Cutaneous Melanoma,Melanoma,Skin,p.V600E,,Primary
32,MALME3M,MEL,Melanoma,Melanoma,Skin,p.V600E,,Metastatic
31,MDAMB435S,MEL,Melanoma,Melanoma,Skin,p.V600E,,Metastatic
29,MELJUSO,SKCM,Cutaneous Melanoma,Melanoma,Skin,,p.Q61L,Primary
15,MM253,MEL,Melanoma,Melanoma,Skin,p.V600E,,Metastatic
13,MM370,MEL,Melanoma,Melanoma,Skin,p.V600E,,Metastatic
22,MM383,MEL,Melanoma,Melanoma,Skin,p.V600E,,Metastatic
6,MM386,MEL,Melanoma,Melanoma,Skin,p.V600E,,Metastatic
37,MM426,MEL,Melanoma,Melanoma,Skin,p.V600E,,Metastatic
7,MM485,MEL,Melanoma,Melanoma,Skin,,p.Q61R,Metastatic
19,MMAC,MEL,Melanoma,Melanoma,Skin,p.V600E,,Metastatic
12,RPMI7951,MEL,Melanoma,Melanoma,Skin,p.V600E,,Metastatic
10,RVH421,MEL,Melanoma,Melanoma,Skin,p.V600E,,Metastatic
25,SEKI,MEL,Melanoma,Melanoma,Skin,p.V600E,,Primary
4,SH4,MEL,Melanoma,Melanoma,Skin,p.V600E,,Metastatic
8,SKMEL19,SKCM,Cutaneous Melanoma,Melanoma,Skin,p.V600E,,Primary
24,SKMEL2,MEL,Melanoma,Melanoma,Skin,,p.Q61R,Metastatic
21,SKMEL24,MEL,Melanoma,Melanoma,Skin,p.V600E,,Metastatic
27,SKMEL30,SKCM,Cutaneous Melanoma,Melanoma,Skin,p.D287H/p.E275K,p.Q61K,Metastatic
38,UACC257,MEL,Melanoma,Melanoma,Skin,p.V600E,,Primary
16,UACC62,MEL,Melanoma,Melanoma,Skin,p.V600E,,Primary
26,WM115,MEL,Melanoma,Melanoma,Skin,p.V600D,,Metastatic
23,WM1799,MEL,Melanoma,Melanoma,Skin,p.V600E,,Primary
14,WM2664,MEL,Melanoma,Melanoma,Skin,p.V600D,,Metastatic
35,WM793,MEL,Melanoma,Melanoma,Skin,p.V600E,,Primary
30,WM88,MEL,Melanoma,Melanoma,Skin,p.V600E,,Metastatic
0,WM983B,MEL,Melanoma,Melanoma,Skin,p.V600E,,Metastatic
